"id"	"forme"	"label"
"aappfidassociationamispaspresetfutdisodoreducasse"	"AAPPFID Association Amis Pas Près et Fut d’Isodore Ducasse"	"forme alternative"
"aappfidassociationamispaspresetfutdisodoreducasse"	"Association des Amis d’Isidore Ducasse (AAPPFID)"	"forme préférée"
"acadefraise"	"Acadéfraise"	"forme préférée"
"academicpress"	"Academic Press"	"forme préférée"
"academiedelagado"	"Académie de Lagado"	"forme préférée"
"academiedemuseologieevocatoire"	"Académie de muséologie évocatoire"	"forme préférée"
"academiedesinscriptionsetbelleslettres"	"Académie des Inscriptions et Belles Lettres"	"forme préférée"
"academiefrancaise"	"Académie Française"	"forme préférée"
"academiefrancaise"	"Académie française"	"forme alternative"
"collegedepataphysique"	"Accommission des Compositions du Collège de Pataphysique"	"forme alternative"
"acrote"	"Acrote"	"forme préférée"
"actionpoetique"	"Action poétique"	"forme préférée"
"actionpoetique"	"Action Poétique"	"forme alternative"
"adac"	"ADAC (atelier d’Alamo)"	"forme préférée"
"adac"	"ADAC"	"forme alternative"
"adelfi"	"Adelphi Editions "	"forme préférée"
"adelfi"	"Adelfi"	"forme alternative"
"adi"	"Adi"	"forme alternative"
"adi"	"Agence de l’Informatique (ADI)"	"forme préférée"
"adrenaline"	"Adrénaline"	"forme préférée"
"agpassociationamisdegperec"	"Association des Amis de Georges Perec (AGP)"	"forme préférée"
"agpassociationamisdegperec"	"AGP (association Amis de G. Perec"	"forme alternative"
"alamo"	"Alamo (Atelier de littérature assistée par la mathématique et les ordinateurs)"	"forme préférée"
"alamo"	"Alamo"	"forme alternative"
"alamo"	"ALAMO"	"forme alternative"
"americancenter"	"American Center"	"forme préférée"
"agpassociationamisdegperec"	"Amis de Georges Perec"	"forme alternative"
"agpassociationamisdegperec"	"Amis de GP"	"forme alternative"
"amisdevalentinbru"	"Amis de Valentin Brû"	"forme préférée"
"amisdevalentinbru"	"Amis de Valentin Bru"	"forme alternative"
"agpassociationamisdegperec"	"Amis Georges Perec"	"forme alternative"
"apiaw"	"Association pour le progrès intellectuel et artistique en Wallonie (APIAW)"	"forme préférée"
"apiaw"	"APIAW"	"forme alternative"
"archivesnationales"	"Archives Nationales"	"forme préférée"
"arsenal"	"Arsenal"	"forme préférée"
"arta"	"Atelier de Recherches Techniques Avancées (ARTA)"	"forme préférée"
"arta"	"ARTA"	"forme alternative"
"artetmathematiques"	"Art et Mathématiques"	"forme préférée"
"associationculturelleitalofrancaise"	"Association culturelle italo-française"	"forme préférée"
"associationdesprofesseursdefrancaisdulycee"	"Association des Professeurs de Français du Lycée"	"forme préférée"
"agpassociationamisdegperec"	"Association GP"	"forme alternative"
"agpassociationamisdegperec"	"association GP"	"forme alternative"
"alamo"	"Atelier de littérature assistée par mathématiques et ordinateur"	"forme alternative"
"alamo"	"Atelier littérature assistée par ordinateur"	"forme alternative"
"autrementdit"	"Autrement dit"	"forme préférée"
"autrementdit"	"Autrement Dit"	"forme alternative"
"bbc"	"BBC"	"forme préférée"
"centrepompidou"	"Beaubourg"	"forme alternative"
"belfond"	"Belfond"	"forme préférée"
"belin"	"Belin"	"forme préférée"
"bibliothequejacquesdoucet"	"Bibliothèque Doucet"	"forme alternative"
"bibliothequejacquesdoucet"	"Bibliothèque littéraire Jacques Doucet"	"forme préférée"
"bibliothequejacquesdoucet"	"bibliothèque Jacques Doucet"	"forme alternative"
"bibliothequejacquesdoucet"	"Bibliothèque Jacques Doucet"	"forme alternative"
"bibliothequemunicipale"	"Bibliothèque municipale"	"forme préférée"
"bibliothequemunicipale"	"BM"	"forme alternative"
"bibliothequenationale"	"Bibliothèque Nationale (BN)"	"forme préférée"
"bibliothequenationale"	"Bibliothèque Nationale"	"forme alternative"
"bibliothequepubliquedelimons"	"Bibliothèque publique de Limons"	"forme préférée"
"bibliothequesaintegenevieve"	"Bibliothèque Sainte Geneviève"	"forme préférée"
"bibliothequesderouen"	"Bibliothèques de Rouen"	"forme préférée"
"biennaledeparis"	"Biennale de Paris"	"forme préférée"
"bibliothequenationale"	"BN"	"forme alternative"
"bibliothequenationale"	"B.N."	"forme alternative"
"bollatiboringhieri"	"Bollati Boringhieri"	"forme préférée"
"bollatiboringhieri"	"Bollinghieri"	"forme alternative"
"bordas"	"Bordas"	"forme préférée"
"bourgois"	"Bourgois"	"forme préférée"
"bull"	"Bull"	"forme préférée"
"cabinetdeduhamel"	"Cabinet de Duhamel"	"forme préférée"
"caissedepargne"	"Caisse d’Epargne"	"forme préférée"
"caissedeslettres"	"Caisse des Lettres"	"forme préférée"
"calmannlevy"	"Calmann-Levy"	"forme préférée"
"calmannlevy"	"Calmann-Lévy"	"forme alternative"
"editionscape"	"Cape"	"forme alternative"
"editionscape"	"CAPE"	"forme alternative"
"centreamericain"	"Centre américain"	"forme préférée"
"centreamericain"	"Centre Américain"	"forme alternative"
"centrepompidou"	"Centre Beaubourg"	"forme alternative"
"centrepompidou"	"centre Beaubourg"	"forme alternative"
"centrecultureldelabbaye"	"Centre culturel de l’Abbaye"	"forme préférée"
"centrecultureldumarais"	"Centre culturel du Marais"	"forme préférée"
"centredebesancon"	"Centre de Besançon"	"forme préférée"
"centredecalcul"	"Centre de calcul de Montréal"	"forme préférée"
"centredecalcul"	"Centre de calcul"	"forme alternative"
"centredecalculanalogiquedelafacultedessciencesdorsay"	"Centre de Calcul Analogique de la Faculté des Sciences d’Orsay"	"forme préférée"
"centredecalculanalogiqueducnrs"	"Centre de Calcul analogique du CNRS"	"forme préférée"
"centrededocumentationrq"	"Centre de documentation R. Queneau"	"forme préférée"
"centrededocumentationrq"	"Centre de documentation RQ"	"forme alternative"
"centrederechercheslexicologiques"	"Centre de Recherches Lexicologiques"	"forme préférée"
"centredetudesduvocabulairefrancais"	"Centre d’Études du Vocabulaire Français"	"forme préférée"
"centrenationaldeslettres"	"Centre National des Lettres"	"forme préférée"
"centrenationaldulivre"	"Centre National du Livre (CNL)"	"forme préférée"
"centrenationaldulivre"	"Centre National du Livre"	"forme alternative"
"centrepompidou"	"Centre Georges Pompidou (CNAC /Beaubourg)"	"forme préférée"
"centrepompidou"	"centre Pompidou"	"forme alternative"
"centrepompidou"	"Centre Pompidou"	"forme alternative"
"centreuniversitairedecolumbia"	"Centre universitaire de Columbia"	"forme préférée"
"cercledelalibrairie"	"Cercle de la Librairie"	"forme préférée"
"cerclepolivanov"	"Cercle Polivanoff"	"forme alternative"
"cerclepolivanov"	"Cercle Polivanov"	"forme préférée"
"cerisy"	"Cerisy"	"forme préférée"
"change"	"Change"	"forme préférée"
"cielcentreinterdisciplinairedetudesludiques"	"CIEL (Centre Interdisciplinaire d’Etudes Ludiques)"	"forme préférée"
"cinzano"	"Cinzano"	"forme préférée"
"circa"	"Centre international de recherche, de création et d'animation (CIRCA)"	"forme préférée"
"circa"	"CIRCA"	"forme alternative"
"circa"	"Circa"	"forme alternative"
"classiqueshachette"	"Classiques Hachette"	"forme préférée"
"clubmediterranee"	"Club Méditerranée"	"forme préférée"
"clubsdeshaschichins"	"Clubs des Haschichins"	"forme préférée"
"centrepompidou"	"CNAC"	"forme alternative"
"centrepompidou"	"CNAC–GP"	"forme alternative"
"centrepompidou"	"CNAC-GP (Centre Pompidou)"	"forme alternative"
"centrenationaldeslettres"	"CNL"	"forme alternative"
"centrenationaldeslettres"	"C.N.L."	"forme alternative"
"centrenationaldeslettres"	"C.N.L"	"forme alternative"
"cnrs"	"C.N.R.S."	"forme préférée"
"cnrs"	"CNRS"	"forme alternative"
"collegedepataphysique"	"Collège"	"forme alternative"
"collegedepataphysique"	"collège"	"forme alternative"
"collegedepataphysique"	"Collège de ‘Pataphysique"	"forme préférée"
"collegedepataphysique"	"Collège de Pataphysique"	"forme alternative"
"collegedepataphysique"	"COLLEGE DE PATAPHYSIQUE"	"forme alternative"
"collegedepataphysique"	"collège ‘Pataphysique"	"forme alternative"
"commissionchargeedaiderlesartistesutilisantlinformatique"	"Commission chargée d’aider les artistes utilisant l’informatique"	"forme préférée"
"commissiondesimprevisibles"	"Commission des Imprévisibles"	"forme préférée"
"commissiondesmythes"	"Commission des mythes"	"forme préférée"
"cuny"	"City University of New York (CUNY)"	"forme préférée"
"cuny"	"CUNY"	"forme alternative"
"dada"	"Dada"	"forme préférée"
"dada"	"dada"	"forme alternative"
"denoel"	"Denoël"	"forme préférée"
"departmentoffrenchofbostontougeuniversity"	"Department of French of Boston Touge University"	"forme préférée"
"dialogue"	"Dialogue"	"forme préférée"
"dictionnairerobert"	"Dictionnaire Robert"	"forme préférée"
"documenteverlag"	"Documente Verlag"	"forme préférée"
"bibliothequejacquesdoucet"	"Doucet"	"forme alternative"
"doverpublications"	"Dover Publications"	"forme préférée"
"drouant"	"Drouant"	"forme préférée"
"dst"	"Direction de la surveillance du territoire (DST)"	"forme préférée"
"dst"	"DST"	"forme alternative"
"editionscape"	"dtions CAP"	"forme alternative"
"dunod"	"Dunod"	"forme préférée"
"dunod"	"DUNOD"	"forme alternative"
"ecoledenamur"	"Ecole de Namur"	"forme préférée"
"ecoledesminesdesaintetienne"	"Ecole des Mines de Saint-Etienne"	"forme préférée"
"ecolenormaledulm"	"Ecole normale d’Ulm"	"forme préférée"
"ecolenormaledumaroc"	"Ecole normale du Maroc"	"forme préférée"
"ecolenormalesuperieurederabat"	"Ecole normale supérieure de Rabat"	"forme préférée"
"ecolepolytechnique"	"Ecole Polytechnique"	"forme préférée"
"ecoutesilpleut"	"Ecoute-s’il pleut"	"forme préférée"
"editiongyroscope"	"Édition Gyroscope"	"forme préférée"
"editionmgardner"	"Édition M. Gardner"	"forme préférée"
"editionsamizdat"	"Édition Samiz-Dat"	"forme préférée"
"editionscape"	"Editions Cape"	"forme préférée"
"editionscape"	"Editions CAPE"	"forme alternative"
"editionsdelamanufacture"	"Éditions de la Manufacture"	"forme préférée"
"editionsdescendres"	"Éditions des Cendres"	"forme préférée"
"editionsdroz"	"Editions Droz"	"forme préférée"
"einandi"	"Einandi"	"forme préférée"
"ens"	"Ecole normale supérieure (ENS)"	"forme préférée"
"ens"	"ENS"	"forme alternative"
"estienne"	"Ecole Estienne"	"forme préférée"
"estienne"	"Estienne"	"forme alternative"
"euratom"	"Euratom"	"forme préférée"
"europalia"	"Europalia"	"forme préférée"
"europalia"	"EUROPALIA"	"forme alternative"
"facdavignon"	"Faculté d’Avignon"	"forme préférée"
"facdavignon"	"Fac d’Avignon"	"forme alternative"
"federationnationaledesartsgraphiques"	"Fédération nationale des Arts graphiques"	"forme préférée"
"federop"	"Fédérop"	"forme préférée"
"fernandnathan"	"Fernand Nathan"	"forme préférée"
"festivaldecannes"	"Festival de Cannes"	"forme préférée"
"financhi"	"Financhi"	"forme préférée"
"flammarion"	"Flammarion"	"forme préférée"
"fnac"	"FNAC"	"forme préférée"
"fnag"	"Fédération nationale des Arts graphiques (FNAG)"	"forme préférée"
"fnag"	"FNAG"	"forme alternative"
"folio"	"Folio"	"forme préférée"
"fondsqueneau"	"fond"	"forme alternative"
"fondationapplepourlalitterature"	"Fondation APPLE pour la Littérature"	"forme préférée"
"fondationfournel"	"Fondation Fournel"	"forme préférée"
"fondationheinz"	"Fondation Heinz"	"forme préférée"
"bibliothequejacquesdoucet"	"Fond Doucet"	"forme alternative"
"fondsqueneau"	"fond Queneau"	"forme alternative"
"fondsqueneau"	"Fonds Queneau"	"forme préférée"
"fouslitteraires"	"Fous Littéraires"	"forme préférée"
"fr3"	"FR3"	"forme préférée"
"frac"	"FRAC"	"forme préférée"
"franceculture"	"France Culture"	"forme préférée"
"fr3"	"France III"	"forme alternative"
"franceinter"	"France Inter"	"forme préférée"
"franceloisirs"	"France Loisirs"	"forme préférée"
"franceradio"	"France Radio"	"forme préférée"
"francesoir"	"France-Soir"	"forme préférée"
"francsbourgeois"	"Francs Bourgeois"	"forme préférée"
"gallimard"	"Gallimard"	"forme préférée"
"gam"	"GAM"	"forme préférée"
"georgesgerard"	"Georges Gérard"	"forme préférée"
"gallimard"	"G.ll.m.rd"	"forme alternative"
"grandsrhetoriqueurs"	"Grands Rhétoriqueurs"	"forme préférée"
"gri"	"Radiodiffusion-télévision française / GRI"	"forme préférée"
"gri"	"GRI"	"forme alternative"
"groupeaudoisdelitteratureorale"	"Groupe audois de Littérature Orale"	"forme préférée"
"groupebense"	"Groupe Bense"	"forme préférée"
"groupedebesancon"	"Groupe de Besançon"	"forme préférée"
"hachette"	"Hachette"	"forme préférée"
"hamiltoncollege"	"Hamilton College"	"forme préférée"
"hauser"	"Hauser"	"forme préférée"
"hermann"	"Hermann"	"forme préférée"
"hune"	"Hune"	"forme préférée"
"ibm"	"IBM"	"forme préférée"
"ibm"	"ibm"	"forme alternative"
"ideespoche"	"Idées-Poche"	"forme préférée"
"ifip"	"International Federation for Information Processing (IFIP)"	"forme préférée"
"ifip"	"IFIP"	"forme alternative"
"instituthenripoincare"	"IHP"	"forme alternative"
"imec"	"IMEC"	"forme préférée"
"imprimerieunion"	"Imprimerie Union"	"forme préférée"
"institutdelaudiovisuel"	"Institut de l’Audiovisuel (INA)"	"forme préférée"
"institutdelaudiovisuel"	"INA"	"forme alternative"
"inalco"	"INALCO"	"forme préférée"
"institutbpascal"	"Institut B. Pascal"	"forme préférée"
"institutdelapotentialiteuniverselle"	"Institut de la potentialité universelle (I.P.U.)"	"forme préférée"
"institutdelapotentialiteuniverselle"	"Institut de la potentialité universelle"	"forme alternative"
"institutdelaudiovisuel"	"Institut de l’Audiovisuel"	"forme alternative"
"institutdepathologiecellulaire"	"Institut de Pathologie Cellulaire"	"forme préférée"
"instituteforadvancedstudies"	"Institute for Advanced Studies"	"forme préférée"
"instituteforadvancedstudies"	"Institute of Advanced Studies"	"forme alternative"
"instituthenripoincare"	"Institut Henri Poincaré (IHP)"	"forme préférée"
"instituthenripoincare"	"Institut Henri Poincaré"	"forme alternative"
"instituthenripoincare"	"Institut H. Poincaré"	"forme alternative"
"institutinternationalduneologisme"	"Institut International du Néologisme"	"forme préférée"
"instituthenripoincare"	"Institut Poincaré"	"forme alternative"
"invisibleseattle"	"Invisible Seattle"	"forme alternative"
"institutdelapotentialiteuniverselle"	"I.P.U"	"forme alternative"
"institutdelapotentialiteuniverselle"	"I.P.U."	"forme alternative"
"ircam"	"IRCAM"	"forme préférée"
"johnhopkinsuniversity"	"John Hopkins University"	"forme préférée"
"jpkimprimeur"	"JPK (imprimeur)"	"forme préférée"
"klincksieck"	"Klincksieck"	"forme préférée"
"labibliothequeduhavre"	"Bibliothèque du Havre"	"forme préférée"
"labibliothequeduhavre"	"La Bibliothèque du Havre"	"forme alternative"
"ladecouverte"	"La Découverte"	"forme préférée"
"lamaisondesecrivains"	"La Maison des Ecrivains"	"forme préférée"
"lamaisondesmots"	"La Maison des mots"	"forme préférée"
"languageandstyle"	"Language and style"	"forme préférée"
"nouvellerevuefrancaise"	"La NRF."	"forme alternative"
"lapleiade"	"La Pléiade"	"forme préférée"
"lapleiade"	"la Pléiade"	"forme alternative"
"laquinzaine"	"La Quinzaine"	"forme préférée"
"larcademie"	"L’Arcadémie"	"forme préférée"
"larepetition"	"La Répétition"	"forme préférée"
"larousse"	"Larousse"	"forme préférée"
"lattes"	"Lattès"	"forme préférée"
"lavillettemuseedessciencesetdestechniquesditmuseede"	"La Villette (Musée des Sciences et des Techniques)"	"forme préférée"
"collegedepataphysique"	"LE COLLEGE DE PATAPHYSIQUE"	"forme alternative"
"lemillefeuille"	"Le Millefeuille"	"forme préférée"
"leminotaure"	"Le Minotaure"	"forme préférée"
"leminotaure"	"Le Minotaure"	"forme alternative"
"lemonde"	"Le Monde"	"forme préférée"
"lemondedelamusique"	"Le Monde de la Musique"	"forme préférée"
"lescerveauxreunis"	"Les Cerveaux réunis"	"forme préférée"
"lescerveauxreunis"	"Les cerveaux réunis"	"forme alternative"
"lescerveauxreunis"	"Les Cerveaux réunis"	"forme alternative"
"lesnoctambules"	"Les Noctambules"	"forme préférée"
"lespressesdelacite"	"Les Presses de la Cité"	"forme préférée"
"lhumanite"	"L’Humanité"	"forme préférée"
"librairiebiffures"	"Librairie Biffures"	"forme préférée"
"librairiedesmeridiens"	"Librairie des Méridiens"	"forme préférée"
"librairieducongres"	"Librairie du Congrès"	"forme préférée"
"librairiegallimard"	"Librairie Gallimard"	"forme préférée"
"librairiegallimard"	"Librairie Gallimard"	"forme alternative"
"librairieitalienne"	"Librairie italienne"	"forme préférée"
"librairieroutedelareine"	"Librairie Route de la Reine"	"forme préférée"
"literaturhaus"	"Literaturhaus"	"forme préférée"
"lmcm"	"Laboratoire de musique contemporaine de Montréal (LMCM)"	"forme préférée"
"lmcm"	"LMCM"	"forme alternative"
"lofficederadiodiffusiontelevisionfrancaise"	"L'Office de radiodiffusion-télévision française"	"forme préférée"
"madridinstitutfrancais"	"Institut français de Madrid"	"forme préférée"
"madridinstitutfrancais"	"Madrid. Institut français."	"forme alternative"
"magnard"	"Magnard"	"forme préférée"
"maisondelaculture"	"Maison de la Culture"	"forme préférée"
"maisondelaculturedecalais"	"Maison de la culture de Calais"	"forme préférée"
"maisondelapoesie"	"Maison de la Poésie"	"forme préférée"
"maisondesecrivains"	"Maison des Ecrivains"	"forme préférée"
"maisondesmots"	"Maison des Mots"	"forme préférée"
"maisondessciencesdelhomme"	"Maison des Sciences de l’homme"	"forme préférée"
"maisondessciencesdelhomme"	"Maison des Sciences de l’Homme"	"forme alternative"
"maisondugesteetdelimage"	"Maison du Geste et de l’Image"	"forme préférée"
"maisonvilmorinandrieux"	"Maison Vilmorin-Andrieux"	"forme préférée"
"manifestationdelapotentialiteuniverselle"	"Manifestation de la potentialité universelle"	"forme préférée"
"manufacture"	"Manufacture"	"forme préférée"
"martini"	"Martini"	"forme préférée"
"maspero"	"Maspéro"	"forme préférée"
"matin"	"Matin"	"forme préférée"
"mercuredefrance"	"Mercure"	"forme alternative"
"mercuredefrance"	"Mercure de France"	"forme préférée"
"messidor"	"Messidor"	"forme préférée"
"miam"	"MIAM"	"forme préférée"
"michiganromancestudies"	"Michigan Romance Studies"	"forme préférée"
"ministeredelindustrie"	"Ministère de l’Industrie"	"forme préférée"
"ministeredesaffairesetrangeres"	"Ministère des Affaires Etrangères"	"forme préférée"
"montedison"	"Montedison"	"forme préférée"
"montessori"	"Montessori"	"forme préférée"
"mouton"	"Mouton"	"forme préférée"
"mumm"	"Mumm"	"forme préférée"
"miam"	"M Y A M"	"forme alternative"
"myam"	"MYAM"	"forme alternative"
"national"	"National"	"forme préférée"
"neo"	"NEO"	"forme préférée"
"newyorktimes"	"New York Times"	"forme préférée"
"nouvellerevuefrancaise"	"Nouvelle Revue Française (NRF)"	"forme préférée"
"nouvellerevuefrancaise"	"Nouvelle Revue Française"	"forme alternative"
"nouvellerevuefrancaise"	"NRF"	"forme alternative"
"nouvellerevuefrancaise"	"N.R.F"	"forme alternative"
"nouvellerevuefrancaise"	"NRF."	"forme alternative"
"nyrb"	"The New York Review of Books (NYRB)"	"forme préférée"
"nyrb"	"NYRB"	"forme alternative"
"oas"	"OAS"	"forme préférée"
"orangina"	"Orangina"	"forme préférée"
"orsay"	"ORSAY"	"forme préférée"
"ortf"	"O.R.T.F."	"forme préférée"
"ortf"	"ORTF"	"forme alternative"
"oucinepo"	"Oucinépo"	"forme préférée"
"oucinepo"	"OuCinePo"	"forme alternative"
"oucipo"	"OuCiPo"	"forme préférée"
"oucuipo"	"Oucuipo"	"forme préférée"
"oucuipo"	"OUCUIPO"	"forme alternative"
"oucuipo"	"OuCuiPo"	"forme alternative"
"oucuipo"	"OuCuipo"	"forme alternative"
"oulimoalapo"	"OuLiMo-Alapo"	"forme préférée"
"oulipeinpo"	"Oulipeinpo"	"forme préférée"
"oulipopo"	"Oulipopo"	"forme préférée"
"oulipopo"	"’Oulipopo"	"forme alternative"
"oulipopo"	"oulipopo"	"forme alternative"
"oumapo"	"Oumapo"	"forme préférée"
"oumupo"	"Oumupo"	"forme préférée"
"oumupo"	"OUMUPO"	"forme alternative"
"oupeinpo"	"oupeinpiens"	"forme alternative"
"oupeinpo"	"OuPeinPo"	"forme préférée"
"oupeinpo"	"Oupeinpo"	"forme alternative"
"oupeinpo"	"OUPEINPO"	"forme alternative"
"oupeinpo"	"OUPINPO"	"forme alternative"
"oupolpo"	"Oupolpo"	"forme préférée"
"oupopo"	"OuPoPo"	"forme préférée"
"oupopo"	"Oupopo"	"forme alternative"
"oupsypo"	"Oupsypo"	"forme préférée"
"ourepo"	"Ourepo"	"forme préférée"
"outhepo"	"Outhepo"	"forme préférée"
"ouvideopo"	"Ouvidéopo"	"forme préférée"
"ouvideopo"	"OuVidéoPo"	"forme alternative"
"ouvroirdelitteraturepotentielle"	"ouvroir"	"forme alternative"
"ouvroirdelitteraturepotentielle"	"Ouvroir"	"forme alternative"
"ouvroirdelitteraturepotentielle"	"Ouvroir de littérature potentielle"	"forme préférée"
"ouvroirdelitteraturepotentielle"	"OUVROIR DE LITTERATURE POTENTIELLE"	"forme alternative"
"ouxpo"	"Ou-x-po"	"forme préférée"
"ouxpo"	"OuXpo"	"forme alternative"
"ouxpo"	"ou-x-po"	"forme alternative"
"ouxpo"	"OuXPo"	"forme alternative"
"ouxpo"	"Ouxpo"	"forme alternative"
"oxford"	"Oxford"	"forme préférée"
"palace"	"Palace"	"forme préférée"
"palf"	"PALF"	"forme préférée"
"parisvii"	"Paris VII"	"forme préférée"
"parisvii"	"Paris VII."	"forme alternative"
"particommuniste"	"Parti communiste (PCF)"	"forme préférée"
"particommuniste"	"Parti communiste"	"forme alternative"
"particommuniste"	"PC"	"forme alternative"
"particommuniste"	"Parti communiste"	"forme alternative"
"particommuniste"	"Parti des gens"	"forme alternative"
"particommuniste"	"PJ"	"forme alternative"
"partiscommunistes"	"Partis communistes"	"forme préférée"
"pataphysique"	"Pataphysique"	"forme préférée"
"pataphysique"	"‘Pataphysique"	"forme alternative"
"pauvert"	"Pauvert"	"forme préférée"
"payot"	"Payot"	"forme préférée"
"pc"	"PC"	"forme préférée"
"particommuniste"	"PCF"	"forme alternative"
"oulipeinpo"	"peinpo"	"forme alternative"
"philips"	"Philips"	"forme préférée"
"picard"	"Picard"	"forme préférée"
"pierouge"	"Pie rouge"	"forme préférée"
"particommuniste"	"PJ"	"forme alternative"
"pjo"	"Pierre Jean Oswald (P.J.O.)"	"forme préférée"
"pjo"	"P.J.O"	"forme alternative"
"pleiade"	"Pléiade"	"forme préférée"
"pmi"	"Protection maternelle et infantile (PMI)"	"forme préférée"
"pmi"	"PMI"	"forme alternative"
"pmu"	"P.M.U."	"forme préférée"
"poesieininterrompue"	"Poésie ininterrompue"	"forme préférée"
"instituthenripoincare"	"Poincaré"	"forme alternative"
"pol"	"Paul Otchakovsky-Laurens (P.O.L.)"	"forme préférée"
"pol"	"P.O.L."	"forme alternative"
"pol"	"POL"	"forme alternative"
"cerclepolivanov"	"Polivanoff"	"forme alternative"
"cerclepolivanov"	"Polivanov"	"forme alternative"
"polyphonix"	"Polyphonix"	"forme préférée"
"polyphonix"	"polyphonix"	"forme alternative"
"ecolepolytechnique"	"Polytechnique"	"forme alternative"
"pompidolium"	"Pompidolium"	"forme préférée"
"centrepompidou"	"Pompidou"	"forme alternative"
"pol"	"P. Otchokovsky"	"forme alternative"
"prixdelanouvelle"	"Prix de la Nouvelle"	"forme préférée"
"prixhonore"	"Prix Honoré"	"forme préférée"
"prixjeanrey"	"Prix Jean Rey"	"forme préférée"
"prixnobeldelitterature"	"Prix Nobel de Littérature"	"forme préférée"
"procope"	"Procope"	"forme préférée"
"projettosca"	"Projet TOSCA"	"forme préférée"
"pseudooulipocerisy"	"Pseudo Oulipo Cerisy"	"forme préférée"
"puf"	"PUF"	"forme préférée"
"puf"	"P.U.F."	"forme alternative"
"quatresaisons"	"Quatre Saisons"	"forme préférée"
"radiobelge"	"Radio belge"	"forme préférée"
"radiobelge"	"Radio Belge"	"forme alternative"
"radiodecologne"	"Radio Cologne"	"forme alternative"
"radiodecologne"	"Radio de Cologne"	"forme préférée"
"radiofrance"	"Radio France"	"forme préférée"
"radioscolaire"	"Radio scolaire"	"forme préférée"
"radioscolaire"	"Radio Scolaire"	"forme alternative"
"ramsay"	"Ramsay"	"forme préférée"
"reidhall"	"Reid Hall"	"forme préférée"
"repetition"	"La Répétition"	"forme préférée"
"repetition"	"Répétition"	"forme alternative"
"retz"	"Retz"	"forme préférée"
"rhetoriqueursneerlandais"	"Rhétoriqueurs néerlandais"	"forme préférée"
"royaumont"	"Royaumont"	"forme préférée"
"rtb"	"Radio Télévisée Belge (R.T.B.)"	"forme préférée"
"rtb"	"R.T.B"	"forme alternative"
"rtb"	"RTB"	"forme alternative"
"rtf"	"RTF"	"forme préférée"
"rtf"	"R.T.F."	"forme alternative"
"sacd"	"SACD"	"forme préférée"
"salpetriere"	"Salpetrière"	"forme préférée"
"scrilab"	"Scrilab"	"forme préférée"
"scrilab"	"SCRILAB"	"forme alternative"
"sdece"	"SDECE"	"forme préférée"
"sea"	"SEA"	"forme préférée"
"sebasto"	"Sébasto"	"forme préférée"
"seghers"	"Seghers"	"forme préférée"
"seixbarral"	"Seix Barral"	"forme préférée"
"seminairedelinguistiquequantitative"	"Séminaire de Linguistique Quantitative"	"forme préférée"
"sepsea"	"SEPSEA (filiale Schneider/ SEA)"	"forme préférée"
"sepsea"	"SEPSEA"	"forme alternative"
"servicedelarecherchedelartf"	"Service de la Recherche de la R.T.F."	"forme préférée"
"seuil"	"Seuil"	"forme préférée"
"sgdl"	"Société des Gens de Lettres (SGDL)"	"forme préférée"
"sgdl"	"SGDL"	"forme alternative"
"shakespeareandco"	"Shakespeare and Co"	"forme préférée"
"sicob"	"Salon des industries et du commerce de bureau (SICOB)"	"forme préférée"
"sicob"	"SICOB"	"forme alternative"
"sigma"	"Sigma"	"forme préférée"
"slatkine"	"Slatkine"	"forme préférée"
"societefrancaisedephilosophie"	"Société Française de Philosophie"	"forme préférée"
"societemonotype"	"Société MONOTYPE"	"forme préférée"
"societerexstout"	"Société Rex Stout"	"forme préférée"
"sourceperrier"	"Source Perrier"	"forme préférée"
"souscocommissiondescombinardsdeloulipo"	"Sous cocommission des « Combinards de l’OuLiPo »"	"forme préférée"
"souscommissiondelacrote"	"Sous-commission de l’Acrote"	"forme préférée"
"souscommissiondesepiphanies"	"Sous-commission des Epiphanies"	"forme préférée"
"studioivry"	"Studio Ivry"	"forme préférée"
"suisseromande"	"Suisse Romande"	"forme préférée"
"surrealisme"	"Surréalisme, Surréalistes"	"forme préférée"
"surrealisme"	"surréalisme"	"forme alternative"
"surrealisme"	"Surréaliste"	"forme alternative"
"surrealisme"	"Surréalistes"	"forme alternative"
"syros"	"Editions Syros"	"forme préférée"
"syros"	"Syros"	"forme alternative"
"telquel"	"Tel Quel"	"forme préférée"
"telquel"	"Tel Quel "	"forme alternative"
"tempsmeles"	"Temps Mêlés"	"forme préférée"
"tf1"	"TF1"	"forme préférée"
"theatrebooleen"	"Théâtre booléen"	"forme préférée"
"theatredelamonnaie"	"Théâtre de la Monnaie"	"forme préférée"
"theatredivry"	"Théâtre d’Ivry"	"forme préférée"
"theatreduroseau"	"Théâtre du Roseau"	"forme préférée"
"theatrefrancais"	"Théâtre français"	"forme préférée"
"toulousefr3"	"Toulouse FR3"	"forme préférée"
"unesco"	"UNESCO"	"forme préférée"
"unita"	"UNITA"	"forme préférée"
"universitebrookrose"	"Université Brookrose"	"forme préférée"
"universitedetoulouse"	"Université de Toulouse"	"forme préférée"
"universitemontpellier"	"Université Montpellier"	"forme préférée"
"usanebraska"	"Nebraska Press (USA)"	"forme préférée"
"usanebraska"	"USA-Nebraska"	"forme alternative"
"vieillegrille"	"Vieille Grille"	"forme préférée"
"villedeparis"	"Ville de Paris"	"forme préférée"
"wice"	"WICE"	"forme alternative"
"wice"	"Where Internationals Connect In English (WICE)"	"forme préférée"
